68288,Vogelein,Cami
81221,Capps,Darya
74294,Scoyne,Crawford
27785,Hulcoop,Brody
83163,Channon,Cheslie
17777,McKeeman,Hetti
43957,Mellor,Suzann
79554,Godridge,Gerardo
50815,Lacrouts,Debee
14200,Blemen,Buck
22366,Addie,Jerrylee
56621,Meineck,Nathanil
30177,Gheeraert,Keeley
73749,Nussey,Gonzales
18740,Harrill,Sergent
30635,Goodayle,Osbourne
71281,Lewsy,Ines
66143,Hall-Gough,Keelby
98917,Dace,Wiley
76195,Manus,Branden
82359,Tocher,Peder
61370,Elletson,Clarice
25407,Ubank,Giles
86813,Seres,Malina
42846,Krauss,Bria
10764,Oleksiak,Clara
21615,Meni,Bernardina
41600,Crier,Berke
91222,Vawton,Broderic
18273,Corragan,Wallace
76499,Warrack,Annabell
47555,Soulsby,Claudina
40307,Lory,Dukie
81484,Dibbin,Bevan
24691,Heinreich,Loralie
96309,Stickells,Magdaia
29172,Holehouse,Rafe
43909,Bishop,Blake
20341,Worsfield,Clarabelle
40795,Sutliff,Karney
81103,Blanc,Cara
37946,Skelington,Terri
61915,Kirtley,Audrie
70244,Fattorini,Cornall
39669,Brou,Mattie
31097,Iglesia,Willa
95833,Pitcock,Gay
24843,Fanshaw,Willis
55250,Lacheze,Abrahan
46206,Thrussell,Laureen
